{"cameraMode":{"drawMode":0,"name":"Shaded","section":"Shading Mode"},"sceneLighting":true,"audioPlay":false,"sceneViewState":{"showFog":true,"showMaterialUpdate":true,"showSkybox":true,"showFlares":true,"showImageEffects":true,"showParticleSystems":true},"in2DMode":false,"pivot":{"x":-0.9501334428787231,"y":3.771707057952881,"z":6.604880332946777},"rotation":{"x":0.0019259980181232095,"y":0.9921392202377319,"z":-0.12416358292102814,"w":0.015472764149308205},"size":4.65263557434082,"orthographic":false}